{"stats":{"minecraft:crafted":{"minecraft:baked_potato":6,"minecraft:chest":1,"minecraft:air":0},"minecraft:custom":{"minecraft:time_since_rest":37724,"minecraft:interact_with_furnace":4,"minecraft:sprint_one_cm":6643,"minecraft:damage_taken":194,"minecraft:walk_one_cm":18356,"minecraft:mob_kills":4,"minecraft:drop":7,"minecraft:damage_dealt":891,"minecraft:swim_one_cm":2380,"minecraft:interact_with_crafting_table":1,"minecraft:fly_one_cm":231391,"minecraft:crouch_one_cm":791,"minecraft:play_one_minute":310568,"minecraft:deaths":2,"minecraft:sneak_time":1172,"minecraft:walk_under_water_one_cm":2292,"minecraft:jump":173,"minecraft:leave_game":149,"minecraft:walk_on_water_one_cm":2151,"minecraft:time_since_death":37676,"minecraft:fall_one_cm":5181},"minecraft:used":{"minecraft:netherite_sword":12,"minecraft:bricks":87,"minecraft:crafting_table":1,"minecraft:furnace":2,"minecraft:acacia_leaves":39},"minecraft:picked_up":{"minecraft:netherite_boots":1,"minecraft:acacia_leaves":1,"minecraft:netherite_shovel":1,"minecraft:brick":20,"minecraft:gunpowder":4,"minecraft:netherite_pickaxe":1,"minecraft:netherite_leggings":1,"minecraft:white_banner":2,"minecraft:diamond_chestplate":2,"minecraft:rotten_flesh":2,"minecraft:diamond":11,"minecraft:netherite_helmet":1,"minecraft:diamond_leggings":4,"minecraft:netherite_sword":1,"minecraft:diamond_boots":2,"minecraft:netherite_chestplate":1,"minecraft:diamond_helmet":2,"minecraft:baked_potato":6,"minecraft:netherite_hoe":1,"minecraft:bricks":60,"minecraft:iron_boots":2,"minecraft:furnace":1},"minecraft:dropped":{"minecraft:diamond_chestplate":1,"minecraft:diamond_leggings":2,"minecraft:diamond_helmet":1,"minecraft:iron_boots":1,"minecraft:diamond_boots":2},"minecraft:killed":{"minecraft:pillager":2,"minecraft:husk":1,"minecraft:creeper":1}},"DataVersion":2584}