{"stats":{"minecraft:killed":{"minecraft:husk":2,"minecraft:zombie_villager":1,"minecraft:spider":12,"minecraft:bat":1,"minecraft:creeper":8,"minecraft:squid":11,"minecraft:skeleton":9,"minecraft:zombie":4,"minecraft:chicken":1},"minecraft:used":{"minecraft:redstone":39,"minecraft:jungle_fence":56,"minecraft:oak_sign":9,"minecraft:chest":16,"minecraft:wooden_pickaxe":1,"minecraft:diamond_axe":5,"minecraft:sand":16,"minecraft:crafting_table":9,"minecraft:wooden_axe":4,"minecraft:diamond_pickaxe":14,"minecraft:oak_stairs":24,"minecraft:bedrock":17,"minecraft:diamond_sword":124,"minecraft:cobblestone":1},"minecraft:killed_by":{"minecraft:husk":1,"minecraft:skeleton":1,"minecraft:zombie":2,"minecraft:drowned":1},"minecraft:dropped":{"minecraft:diamond_axe":14,"minecraft:cooked_beef":64,"minecraft:oak_log":64,"minecraft:diamond_hoe":5,"minecraft:netherite_helmet":1,"minecraft:netherite_chestplate":1,"minecraft:cobblestone":5,"minecraft:diamond_shovel":2,"minecraft:warped_planks":64,"minecraft:netherite_leggings":1,"minecraft:diamond_sword":18,"minecraft:diamond_pickaxe":1,"minecraft:wooden_axe":2,"minecraft:netherite_boots":1,"minecraft:spider_eye":1,"minecraft:wooden_pickaxe":10,"minecraft:dark_oak_planks":64,"minecraft:string":4,"minecraft:bone":5},"minecraft:crafted":{"minecraft:diamond_axe":22,"minecraft:crafting_table":1,"minecraft:diamond_hoe":1,"minecraft:wooden_pickaxe":1,"minecraft:wooden_hoe":1,"minecraft:diamond_pickaxe":1,"minecraft:stick":8,"minecraft:oak_stairs":204,"minecraft:wooden_axe":8,"minecraft:chest":3,"minecraft:oak_button":13,"minecraft:acacia_planks":12},"minecraft:custom":{"minecraft:interact_with_furnace":1,"minecraft:mob_kills":51,"minecraft:interact_with_crafting_table":52,"minecraft:play_one_minute":936530,"minecraft:leave_game":31,"minecraft:time_since_death":183092,"minecraft:time_since_rest":222034,"minecraft:sprint_one_cm":16748,"minecraft:damage_taken":1846,"minecraft:walk_one_cm":68993,"minecraft:drop":68,"minecraft:damage_dealt":8050,"minecraft:fly_one_cm":420012,"minecraft:open_chest":4,"minecraft:crouch_one_cm":294,"minecraft:deaths":11,"minecraft:sneak_time":1129,"minecraft:walk_under_water_one_cm":16377,"minecraft:jump":427,"minecraft:walk_on_water_one_cm":11732,"minecraft:fall_one_cm":16046},"minecraft:picked_up":{"minecraft:wooden_axe":3,"minecraft:netherite_boots":2,"minecraft:crafting_table":1,"minecraft:cooked_beef":64,"minecraft:diamond_sword":18,"minecraft:wooden_pickaxe":10,"minecraft:oak_log":64,"minecraft:netherite_leggings":1,"minecraft:string":8,"minecraft:bone":10,"minecraft:oak_sign":3,"minecraft:bow":1,"minecraft:sugar_cane":6,"minecraft:diamond_hoe":5,"minecraft:stick":6,"minecraft:acacia_log":3,"minecraft:sand":66,"minecraft:ink_sac":10,"minecraft:warped_planks":64,"minecraft:spider_eye":2,"minecraft:dark_oak_planks":64,"minecraft:diamond_shovel":2,"minecraft:arrow":7,"minecraft:rotten_flesh":5,"minecraft:diamond":6,"minecraft:netherite_helmet":1,"minecraft:diamond_axe":16,"minecraft:netherite_chestplate":1,"minecraft:cobblestone":69,"minecraft:diamond_pickaxe":1},"minecraft:mined":{"minecraft:crafting_table":1,"minecraft:acacia_log":3,"minecraft:dead_bush":1,"minecraft:cobblestone":1,"minecraft:sugar_cane":3,"minecraft:sand":26}},"DataVersion":2584}